Name,Plus One,Email Address,Phone Number,Street Address 1,Street Address 2,City,State/Region,Postal Code,Additional Guest 1,Additional Guest 2
Brendon Vickery,Katie Vickery,vickery.brendon@gmail.com,,,,,,,,
Joann Bula,Bob Bula,joannsz@aol.com,,,,,,,,
Emily Hopkins,Pablo Menendez,emilymhopkins@gmail.com,,,,,,,,
Hannah Schwartz,,hschwartz@alumni.nd.edu,,,,,,,,
Jen Waters,Beau Bell,jennifer.anne.waters@gmail.com,,,,,,,,
Aryelle Jacobsen,Bow Rudolph,aryellemj@gmail.com,,,,,,,,
John Gonzalez,Susie Kim,johnpgnz@gmail.com,,,,,,,,
Luke Swartz,Paula Rodriguez Villamayor,lukewswartz@gmail.com,,,,,,,,
Ghada Dajani,Munir Al-Dajani,ghadamaysoufan@gmail.com,,,,,,,,
Sam Sholkoff,Michelle Pente,samuelsholkoff@gmail.com,,,,,,,,
Andrew Wisniewski,Orsina Kather,awisniewski@mac.com,,,,,,,,
Kyle Kopp,Ellyn Kopp,kylewkopp23@gmail.com,,,,,,,,
Caroline Cline,,clinecarolinej@gmail.com,,,,,,,,
Elizabeth Bula,Zachary Maynard,elizabeth.bula@gmail.com,,,,,,,,
Stephanie Nelson,Roth Nelson,stephanie.bula.nelson@gmail.com,,,,,,,,
Abby Leonard,Riley Dorway,aleonard1025@gmail.com,,,,,,,,
Andrew Robinson,,a.robinson956@gmail.com,,,,,,,,
Jon Lugo,Mary Ann Riemer,jonathanelugo@gmail.com,,,,,,,,
Ben Dowling,Krista Jolivette,dowlingmben@gmail.com,,,,,,,,
Vincent Patton,Leila Choucair,vincent.patton13@gmail.com,,,,,,,,
Nick Martin,Anna Martin,ntmartin2010@gmail.com,,,,,,,,
Hannah Robinson,,hannah.67.robinson@gmail.com,,,,,,,,
Zach Robinson,,zacharyarobinson2004@gmail.com,,,,,,,,
Jie Yong,Quynhanh Tran,jyong2@gmail.com,,,,,,,,
Sophie Amado,Anthony Cherek,sophieaamado@gmail.com,,,,,,,,
Megan Vu,Madeleine Gong,meganvu19@gmail.com,,,,,,,,
Stephan Skydan,Ilona Wong,skydan@hey.com,,,,,,,,
Frank Marcheski,Manuela,frank.marcheski@gmail.com,,,,,,,,
Trent Miller,Janelle Miller,trentsmiller7@gmail.com,,,,,,,,
Marley Borham,Jonah Alexander,marleytborham@gmail.com,,,,,,,,
Rose Zetzman,,rosiezetz@sbcglobal.net,,,,,,,,
Angie Avera,Zane Osuna,angela.avera@gmail.com,,,,,,,,
Taylor Gries,,tgries23@gmail.com,,,,,,,,