id,createdAt,guestId,guestName,guestEmail,attending,welcomeParty,picnic,plusOne,plusOneName,dietaryRestrictions,plusOneDietaryRestrictions,songRequests,specialAccommodations,numberOfGuests
e14d432a-f868-4370-b592-ab2de46a21ae,2025-12-15T14:12:01.163Z,,Brendon Vickery,vickery.brendon@gmail.com,true,not_sure,not_sure,true,Katie Vickery,N&#x2F;a,N&#x2F;a,Stumbling&#x27; in - CYRIL!,"Katie and I are so happy for yall! We can&#x27;t wait to celebrate you at your wedding. WOOOO!!!! 

Love y&#x27;all
Brendon, Katie, Owen, and Lenny 🐶",2
b2e1d8bb-addd-4ff9-9fcc-d47243a0d7fe,2025-12-17T16:08:07.902Z,,Timbo,bula.timothy.robert@gmail.com,false,no,no,false,,,,,,1
56f27b6a-a591-40cf-977f-7f180cad5ffe,2025-12-20T23:31:09.197Z,1c88022f-1abc-465d-934d-6c4cb2118e2d,Joann Bula,joannsz@aol.com,true,not_sure,not_sure,true,Bob Bula,Gluten and soy avoidance.,None,"Sign, Sealed Delivered- Stevie
Neon Moon- Brooks and Dunn",Looking forward to celebrating y’all!,2
ac248ce0-5055-426e-9e9c-0eced23f4b57,2026-01-04T21:50:21.765Z,,Emily Hopkins,emilymhopkins@gmail.com,true,not_sure,not_sure,true,Pablo Menendez,vegetarian,vegetarian,Minimum one song in Spanish!!!,So excited to celebrate the happy couple in the fall in NYC!!! Love n cats n Latin America!!!,2
f79beb8f-0df8-4701-84e6-cd63795c9e44,2026-01-09T01:13:11.056Z,,Hannah Schwartz,hschwartz@alumni.nd.edu,true,not_sure,not_sure,false,,,,T swift baby,"Alright, 10 months to find myself a plus one.",1
bdc21a06-f35b-4f8d-9fda-8c422ae621a0,2026-01-09T19:32:01.499Z,,Jen Waters,jennifer.anne.waters@gmail.com,true,not_sure,not_sure,true,Beau Bell,,,,This is the best wedding website in the world. Love you rats!,2
44b24dbc-f213-4aea-8317-d02b6fd13c05,2026-01-19T00:25:12.720Z,,Aryelle Jacobsen,aryellemj@gmail.com,true,not_sure,not_sure,true,Bow Rudolph,Gluten and dairy intolerance but a touch of each won’t kill me!!,NADA. He eats it all.,drive ME crazy by lil yachty. CUFF IT by BEYONCE. Nissan Altima by Doechii ;),We just love you guys so much and cannot wait to celebrate your love!!!!!,2
49926799-5c67-4513-b610-d223e9c90dd3,2026-01-25T22:25:27.188Z,,John Gonzalez,johnpgnz@gmail.com,true,not_sure,not_sure,true,Susie Kim,,,,,2
1b1cf2a9-8236-4adf-8d95-d363e84abc6a,2026-01-31T23:15:36.030Z,,Luke Swartz,lukewswartz@gmail.com,true,not_sure,not_sure,true,Paula Rodriguez Villamayor,"You got somethen to eat up in der, we hongry cuz! 
-Roman Pierce","Sí, mi También!",Bad Bunny,Excited for y&#x27;all!! 😍❤️😘,2
cc422e70-60a3-4116-b38a-761d2b032f00,2026-02-09T04:09:55.717Z,,Ghada Dajani,ghadamaysoufan@gmail.com,true,not_sure,not_sure,true,Munir Al-Dajani,No pork,No pork,"My heart will go on 
ABBA","We can’t stop playing flappy bird on your website, and that a great indicator of a good time",2
32350371-ce24-41a8-9b5d-58a88cd6d0d9,2026-03-24T18:29:58.376Z,,Sam Sholkoff,samuelsholkoff@gmail.com,true,yes,yes,true,Michelle Pente,None,,"Harry Styles- Aperture
Strfkr- together forever
Polo & Pan- Ani Kuni",Absolutely love you Tim. Can’t wait to meet your wife and celebrate y’all! Cheers and mazal tov!,2
e5eb3ac5-9815-4204-8a86-b0acc4bafdf2,2026-05-17T20:16:48.947Z,,Andrew Wisniewski,awisniewski@mac.com,true,not_sure,not_sure,true,Orsina Kather,,,Party girl Asher Roth,,2
b631c3b9-1a11-4be8-9f35-4635ca668317,2026-05-18T20:53:37.674Z,,Kyle Kopp,kylewkopp23@gmail.com,true,not_sure,not_sure,true,Ellyn Kopp,,,,Can&#x27;t wait to celebrate with y&#x27;all!,2
956c0fa0-cd3a-4c8f-9b0a-2e0da5352a0b,2026-05-28T13:41:02.326Z,,Caroline Cline,clinecarolinej@gmail.com,true,not_sure,not_sure,false,,,,"Man! I Feel Like a Woman - Shania Twain 
Unwritten- Nastaha Beddingfield","my favorite couple to third wheel, my bk family, king and queen of the cats, I love you. May your love be greater than Judith&#x27;s spazz energy and Penny&#x27;s alien space stare.",1
acf3d90a-9114-4bfc-b562-a770cc3cbc27,2026-06-01T20:50:56.289Z,2d9ce877-6c3b-4f85-ae7a-cfdb03ab6b94,Elizabeth Bula,elizabeth.bula@gmail.com,true,not_sure,not_sure,true,Zachary Maynard,Gluten Free,Only eats rats,"Dance with Somebody, Whitney Houston",Well… I’m brining more than just one and you can’t stop me! Love yall!,2
7d0cf067-1f31-4daa-95c4-cc0319eb5411,2026-06-02T11:16:41.423Z,,Stephanie Nelson,stephanie.bula.nelson@gmail.com,true,not_sure,not_sure,true,Roth Nelson,None,None,Maybe just one country song you can two step to?!,Big love to you both!! Can’t wait to celebrate in NY and then on NYE!,2
dcff6a7e-2884-45c0-b8fe-0aa8d8dd82e4,2026-06-03T02:34:52.625Z,,Abby Leonard,aleonard1025@gmail.com,true,not_sure,not_sure,true,Riley Dorway,Gluten sensitive for me,,"Come and Get Your Love- Redbone
This Will Be (An Everlasting Love)- Natalie Cole","I cannot WAIT! For this wedding. City Hall?! So cool. You two are so fun and your website is FUN! I love it. And I love you and your love. Riley and I can’t wait to celebrate you! 🕺🏻 
Here we come Big Apple!",2
8cd1f403-79dc-44b3-8699-50a00034a0f5,2026-06-03T07:14:28.986Z,,Andrew Robinson,a.robinson956@gmail.com,true,not_sure,not_sure,false,,,,,,1
b8fbdcf5-787e-4225-8076-7c87ecdba68d,2026-06-13T16:49:49.681Z,,Jon Lugo,jonathanelugo@gmail.com,true,yes,yes,true,Mary Ann Riemer,,,,"Can’t wait to celebrate with y’all in NYC!

Let us know next time you’re in Twin Cities!",2
e72b1700-81d4-4e7c-9378-2e228372a83c,2026-06-14T03:38:13.986Z,,Ben Dowling,dowlingmben@gmail.com,true,not_sure,not_sure,true,Krista Jolivette,No,No,"Too much pressure, I trust you",So happy for you!!!!!,2
6de25c06-0786-48e5-ba8a-eb5c15f6d03c,2026-06-14T14:39:13.721Z,,Vincent Patton,vincent.patton13@gmail.com,true,not_sure,not_sure,true,Leila Choucair,None,None again,"Anything by Jeff Rosenstock
Also Collect 200 by Collect 200","Cute pic on the invite :)
Still working on getting The Format to play their after show at the wedding.
Can’t wait to celebrate y’all!",2
2eac16f3-a979-4e05-b69d-fc88e9ff4d8d,2026-06-30T18:44:10.037Z,,Nick Martin,ntmartin2010@gmail.com,true,yes,yes,true,Anna Martin,,,All The Small Things - Blink 182,"Rachel and Timmy B!!! Can&#x27;t wait to celebrate the two of you guys. Love y&#x27;all!

- Anna and Nick",2
1fa190d7-b220-4ff5-a7d5-ce1fc6e69292,2026-07-01T12:06:18.683Z,,Hannah Robinson,hannah.67.robinson@gmail.com,true,not_sure,not_sure,false,,no,,"Daft Punk- Digital Love
Anything off Imaginal Disk by Magdalena Bay",hooray! hooray! yay!,1
3df8d820-f044-4a0a-bd7c-4df75942c502,2026-07-02T22:48:15.457Z,,Zach Robinson,zacharyarobinson2004@gmail.com,true,not_sure,yes,false,,,,,,1
45261b19-104a-411e-b401-02b4dce7ed3b,2026-07-23T22:48:14.319Z,,Jie Yong,jyong2@gmail.com,true,yes,yes,true,Quynhanh Tran,,Veggie &#x2F; Pescatarian,,So excited for you guys!!,2
65fd903d-0144-4b86-af08-16e44f441bc9,2026-08-05T04:08:53.593Z,,Sophie Amado,sophieaamado@gmail.com,true,not_sure,no,true,Anthony Cherek,,,"River by Leon Bridges 
Levels by Avicii",Can&#x27;t wait to celebrate you two in the Big Apple!,2
1cf2289a-b3e5-476e-a11a-e41c021f2508,2026-08-05T12:31:03.274Z,,Megan Vu,meganvu19@gmail.com,true,not_sure,not_sure,true,Madeleine Gong,Vegetarian,Pescatarian,,Congratulations Rachel and Tim!! Excited to join you for your special day ❤️❤️,2
fa489829-6ec5-41ad-a245-19a87e90443d,2026-08-07T20:49:13.979Z,,Stephan Skydan,skydan@hey.com,true,not_sure,no,true,Ilona Wong,,,,So excited!!! and great website :),2
fdf96197-94f4-42e5-ab36-dac1876a622a,2026-08-20T22:35:02.842Z,,Frank Marcheski,frank.marcheski@gmail.com,true,yes,not_sure,true,Manuela,none,none,,,2
ad9615cb-eb36-48e7-b5ce-4e9a6841a94a,2026-08-21T15:25:36.944Z,,Trent Miller,trentsmiller7@gmail.com,true,no,yes,true,Janelle Miller,None,None,,We are so excited to celebrate with y&#x27;all!,2
987b2fb2-bdbf-45b7-a8ec-ec8a6629f80d,2026-08-21T18:56:00.060Z,,Marley Borham,marleytborham@gmail.com,true,not_sure,yes,true,Jonah Alexander,No nutz or shellfish pls (I’m not actually allergic I’m just scared I am lol),,Goodbye Earl & Jonah says “Crazy Frog”….,CANT WAIT TO CELLY !!!,2
4c9bc924-3877-4a8f-8428-e7816f4b25ea,2026-08-21T18:59:19.834Z,,Rose Zetzman,rosiezetz@sbcglobal.net,true,yes,yes,false,,Pescatarian,,Glamorous by Fergie,IM SO EXCITED,1
d0344832-15f2-42b1-8623-9d0a06d6b58f,2026-08-21T22:14:14.231Z,,Angie Avera,angela.avera@gmail.com,true,yes,yes,true,Zane Osuna,,,"Why don’t we just dance, all the small things? This is hard!","We’re so grateful you guys live in New York too! Getting to know you both has been a highlight for us. We cannot wait to celebrate you, and wish you the lifetime of happiness that you both truly deserve. Nothing better than two good people finding each other and building a great life together. ❤️❤️❤️",2
3890d9a1-801a-45a9-84ea-c0ae0bb1eaba,2026-08-23T16:27:40.895Z,,Taylor Gries,tgries23@gmail.com,true,yes,yes,false,Nolan Newland,I am pescatarian.,,Brandy (You’re a Fine Girl),"I am so excited to celebrate with you! Nolan unfortunately won&#x27;t be able to make the trip due to work and travel logistics, but he&#x27;s sending all his love!",1